{
	"credit": "Made by Workshop Six",
	"texture_size": [64, 64],
	"textures": {
		"3": "nexo:item/nexo_tools/forest_trident"
	},
	"elements": [
		{
			"from": [7, -7, 7.5],
			"to": [9, 11, 8.5],
			"rotation": {"angle": 0, "axis": "x", "origin": [7, 0, 7.5]},
			"faces": {
				"north": {"uv": [2.25, 0, 2.75, 5], "texture": "#3"},
				"east": {"uv": [3.25, 0, 3.5, 5], "texture": "#3"},
				"south": {"uv": [2.75, 0, 3.25, 5], "texture": "#3"},
				"west": {"uv": [0, 3.5, 0.25, 8.5], "texture": "#3"},
				"up": {"uv": [5.25, 1.5, 4.75, 1.25], "texture": "#3"},
				"down": {"uv": [5.25, 1.5, 4.75, 1.75], "texture": "#3"}
			}
		},
		{
			"from": [6.5, 11, 7],
			"to": [9.5, 13, 9],
			"rotation": {"angle": 0, "axis": "x", "origin": [6.5, 6, 6]},
			"faces": {
				"north": {"uv": [4, 1.25, 4.75, 1.75], "texture": "#3"},
				"east": {"uv": [4.5, 3.25, 5, 3.75], "texture": "#3"},
				"south": {"uv": [3.5, 4.25, 4.25, 4.75], "texture": "#3"},
				"west": {"uv": [4.5, 3.75, 5, 4.25], "texture": "#3"},
				"up": {"uv": [5, 4.75, 4.25, 4.25], "texture": "#3"},
				"down": {"uv": [5.25, 0, 4.5, 0.5], "texture": "#3"}
			}
		},
		{
			"from": [5.5, 12, 7],
			"to": [6.5, 13, 9],
			"rotation": {"angle": 0, "axis": "x", "origin": [4.5, 12, 7]},
			"faces": {
				"north": {"uv": [3.75, 5, 4, 5.25], "texture": "#3"},
				"east": {"uv": [4.75, 1.75, 5.25, 2], "texture": "#3"},
				"south": {"uv": [5, 3.75, 5.25, 4], "texture": "#3"},
				"west": {"uv": [4.75, 2, 5.25, 2.25], "texture": "#3"},
				"up": {"uv": [5, 2.75, 4.75, 2.25], "texture": "#3"},
				"down": {"uv": [3.75, 4.75, 3.5, 5.25], "texture": "#3"}
			}
		},
		{
			"from": [9.5, 12, 7],
			"to": [10.5, 13, 9],
			"rotation": {"angle": 0, "axis": "x", "origin": [9.5, 12, 7]},
			"faces": {
				"north": {"uv": [4, 5, 4.25, 5.25], "texture": "#3"},
				"east": {"uv": [3.75, 4.75, 4.25, 5], "texture": "#3"},
				"south": {"uv": [5, 4, 5.25, 4.25], "texture": "#3"},
				"west": {"uv": [4.25, 4.75, 4.75, 5], "texture": "#3"},
				"up": {"uv": [5, 5.25, 4.75, 4.75], "texture": "#3"},
				"down": {"uv": [2.5, 5, 2.25, 5.5], "texture": "#3"}
			}
		},
		{
			"from": [7, 13, 7.5],
			"to": [9, 21, 8.5],
			"rotation": {"angle": 0, "axis": "x", "origin": [8, 13, 7.5]},
			"faces": {
				"north": {"uv": [3.5, 0, 4, 2], "texture": "#3"},
				"east": {"uv": [2, 3.5, 2.25, 5.5], "texture": "#3"},
				"south": {"uv": [0.25, 3.5, 0.75, 5.5], "texture": "#3"},
				"west": {"uv": [1.25, 4.25, 1.5, 6.25], "texture": "#3"},
				"up": {"uv": [5.5, 2.5, 5, 2.25], "texture": "#3"},
				"down": {"uv": [3, 5, 2.5, 5.25], "texture": "#3"}
			}
		},
		{
			"from": [6.85, -1, 7.35],
			"to": [9.15, 4, 8.65],
			"rotation": {"angle": 0, "axis": "x", "origin": [7, -1, 7.5]},
			"faces": {
				"north": {"uv": [4, 0, 4.5, 1.25], "texture": "#3"},
				"east": {"uv": [1.5, 4.25, 1.75, 5.5], "texture": "#3"},
				"south": {"uv": [0.75, 4.25, 1.25, 5.5], "texture": "#3"},
				"west": {"uv": [1.75, 4.25, 2, 5.5], "texture": "#3"},
				"up": {"uv": [5.5, 2.75, 5, 2.5], "texture": "#3"},
				"down": {"uv": [3.5, 5, 3, 5.25], "texture": "#3"}
			}
		},
		{
			"from": [7.18536, 20.375, 7.495],
			"to": [8.58536, 21.775, 8.505],
			"rotation": {"angle": 45, "axis": "z", "origin": [8.03536, 21.175, 7.995]},
			"faces": {
				"north": {"uv": [4.25, 5, 4.5, 5.25], "texture": "#3"},
				"east": {"uv": [5, 4.25, 5.25, 4.5], "texture": "#3"},
				"south": {"uv": [4.5, 5, 4.75, 5.25], "texture": "#3"},
				"west": {"uv": [5, 4.5, 5.25, 4.75], "texture": "#3"},
				"up": {"uv": [5.25, 5, 5, 4.75], "texture": "#3"},
				"down": {"uv": [5.25, 5, 5, 5.25], "texture": "#3"}
			}
		},
		{
			"from": [6.5, -5.2, 7],
			"to": [9.5, -4.2, 9],
			"rotation": {"angle": 0, "axis": "x", "origin": [6.5, -5.2, 7]},
			"faces": {
				"north": {"uv": [4, 1.75, 4.75, 2], "texture": "#3"},
				"east": {"uv": [5, 3.25, 5.5, 3.5], "texture": "#3"},
				"south": {"uv": [4.5, 1, 5.25, 1.25], "texture": "#3"},
				"west": {"uv": [5, 3.5, 5.5, 3.75], "texture": "#3"},
				"up": {"uv": [5.25, 1, 4.5, 0.5], "texture": "#3"},
				"down": {"uv": [5.25, 2.75, 4.5, 3.25], "texture": "#3"}
			}
		},
		{
			"from": [6.5, 6.5, 7],
			"to": [9.5, 7.5, 9],
			"rotation": {"angle": 0, "axis": "x", "origin": [6.5, 6.5, 7]},
			"faces": {
				"north": {"uv": [4, 1.75, 4.75, 2], "texture": "#3"},
				"east": {"uv": [5, 3.25, 5.5, 3.5], "texture": "#3"},
				"south": {"uv": [4.5, 1, 5.25, 1.25], "texture": "#3"},
				"west": {"uv": [5, 3.5, 5.5, 3.75], "texture": "#3"},
				"up": {"uv": [5.25, 1, 4.5, 0.5], "texture": "#3"},
				"down": {"uv": [5.25, 2.75, 4.5, 3.25], "texture": "#3"}
			}
		},
		{
			"from": [3.5, 13, 8],
			"to": [12.5, 20, 8],
			"rotation": {"angle": 0, "axis": "x", "origin": [8.5, 15, 7]},
			"faces": {
				"north": {"uv": [0, 0, 2.25, 1.75], "texture": "#3"},
				"east": {"uv": [0, 0, 0, 1.75], "texture": "#3"},
				"south": {"uv": [2.25, 0, 0, 1.75], "texture": "#3"},
				"west": {"uv": [0, 0, 0, 1.75], "texture": "#3"},
				"up": {"uv": [2.25, 0, 0, 0], "texture": "#3"},
				"down": {"uv": [0, 0, 2.25, 0], "texture": "#3"}
			}
		}
	],
	"gui_light": "front",
	"display": {
		"thirdperson_righthand": {
			"rotation": [6.75, -90, 0],
			"translation": [0, 3.5, 0.75]
		},
		"thirdperson_lefthand": {
			"rotation": [6.75, -90, 0],
			"translation": [0, 3.5, 0.75]
		},
		"firstperson_righthand": {
			"rotation": [167, 79.25, -180],
			"translation": [3.25, 2.25, 0]
		},
		"firstperson_lefthand": {
			"rotation": [167, 79.25, -180],
			"translation": [3.25, 2.25, 0]
		},
		"ground": {
			"rotation": [45, 0, 0],
			"translation": [0, 6.25, 0],
			"scale": [0.7, 0.7, 0.7]
		},
		"gui": {
			"rotation": [180, 0, -135],
			"translation": [0.25, 0, 0],
			"scale": [0.63, 0.63, 0.63]
		},
		"head": {
			"rotation": [-90, 90, 0],
			"translation": [0, 0, 10]
		},
		"fixed": {
			"rotation": [0, 0, 45],
			"translation": [0, 0.5, -0.25],
			"scale": [1.29, 1.29, 1.29]
		}
	},
	"groups": [
		{
			"name": "group",
			"origin": [5.25, 9, 8],
			"color": 0,
			"children": [0, 1, 2, 3, 4, 5, 6]
		},
		7,
		8,
		9
	]
}