{"parent":"item/generated","textures":{"layer0":"item/paper"},"overrides":[{"predicate":{"custom_model_data":1000},"model":"449cd260-7ed9-44a3-8ea3-66da7e538719"},{"predicate":{"custom_model_data":1001},"model":"nexo:2ae6eb73-0f1c-48bc-be6e-e7d2d908e545"},{"predicate":{"custom_model_data":1002},"model":"nexo:1ffb82ef-40b2-4b80-a517-9c2c633cf76c"},{"predicate":{"custom_model_data":1003},"model":"nexo:dbf542ad-f7d7-4520-ab28-43dc39a9a300"},{"predicate":{"custom_model_data":1004},"model":"nexo:f005724c-3e2e-4fc6-a8d5-d611636d10bb"},{"predicate":{"custom_model_data":1005},"model":"nexo:06322982-7a2a-4b75-ac0d-0725fa0eed87"},{"predicate":{"custom_model_data":1006},"model":"nexo:a9855bbe-fab8-48ad-9cae-a07b042bec05"},{"predicate":{"custom_model_data":1007},"model":"nexo:1abd8d8e-ee30-4cf8-b61f-6163378e40d7"},{"predicate":{"custom_model_data":1008},"model":"523cdeb6-fb48-4d52-879c-188d7cbfa18a"},{"predicate":{"custom_model_data":1009},"model":"43ad3c5d-2ebd-4533-a13f-f407ec30ecfc"},{"predicate":{"custom_model_data":1010},"model":"0815d417-ed65-4b78-99da-6cf2608e1cb0"},{"predicate":{"custom_model_data":1056},"model":"nexo:010aca5c-0777-4ce0-9da3-734a33888b37"}]}