{"sources":[{"type":"single","resource":"block/dark_oak_planks"},{"type":"single","resource":"item/chainmail_boots"},{"type":"single","resource":"item/chainmail_chestplate"},{"type":"single","resource":"item/chainmail_helmet"},{"type":"single","resource":"item/chainmail_leggings"},{"type":"single","resource":"item/diamond_horse_armor"},{"type":"single","resource":"item/elytra"},{"type":"single","resource":"item/netherite_axe"},{"type":"single","resource":"item/netherite_hoe"},{"type":"single","resource":"item/netherite_pickaxe"},{"type":"single","resource":"item/netherite_shovel"},{"type":"single","resource":"item/netherite_sword"},{"type":"single","resource":"nexo:d9642c9d-ae29-49d0-9402-4d985105335b"},{"type":"single","resource":"nexo:03134f10-6538-498b-8b50-7e6dbc78e59d"},{"type":"single","resource":"nexo:f0f595da-66cd-4bdf-b209-598c8479553b"},{"type":"single","resource":"nexo:48918569-64c6-4a1e-9e99-852e109644a4"},{"type":"single","resource":"nexo:bc8abd36-2f75-4648-a5cb-f2d59cc5d750"},{"type":"single","resource":"nexo:808fd122-a962-40fc-b2e6-e95152363470"},{"type":"single","resource":"nexo:365fded0-10d6-4c50-aba3-f4253b8d338f"},{"type":"single","resource":"nexo:39b96ffe-f938-477b-9639-a83f4c4d8eef"},{"type":"single","resource":"nexo:83a83ca4-dc92-4f0d-8b1b-048144c28559"},{"type":"single","resource":"nexo:05bbf629-823d-4508-9aa1-757bb817ca62"},{"type":"single","resource":"nexo:729f9ce0-bdf3-46d3-b7e8-6641e2434f88"},{"type":"single","resource":"nexo:357b3465-4e4d-431c-8ae5-99fa74dbcd36"},{"type":"single","resource":"nexo:20277060-d3bf-412d-83a2-769ee409f329"},{"type":"single","resource":"nexo:e6fe7f02-84ca-474b-a010-c76ef8aa987e"},{"type":"single","resource":"nexo:5f6cd108-6b08-43f3-84f2-a8f105fb7922"},{"type":"single","resource":"nexo:1369e664-de41-4b86-9634-ab6f46a4cad1"},{"type":"single","resource":"nexo:95ac2556-40f8-4ee8-a82a-b6ca1f4fb28c"},{"type":"single","resource":"nexo:aa5f8575-19b0-4cf7-a9c3-d00cf9067aaa"},{"type":"single","resource":"nexo:7cd93d47-903b-4c20-b363-dfa993d23c0d"},{"type":"single","resource":"nexo:fb9b7728-2772-4ec8-aadf-9d15d55c4d00"},{"type":"single","resource":"nexo:b32744ba-4206-4837-9d09-b6265b00aefa"},{"type":"single","resource":"nexo:431bace0-971b-4421-9eaa-c80a3aabea1f"},{"type":"single","resource":"nexo:882b3810-ea28-4819-83a3-8e98ba2c757b"},{"type":"single","resource":"nexo:c8dd0af7-2b33-4c78-b3e9-aecc1d6f36f8"},{"type":"single","resource":"nexo:335ef807-e131-4b32-921d-9c73489cc2b8"},{"type":"single","resource":"nexo:dc903f0e-ac40-4b5b-922d-ae966463edd0"},{"type":"single","resource":"nexo:b7e412c8-1134-4bff-b5ec-04659652c073"},{"type":"single","resource":"nexo:a34e7ea1-445b-4437-9bc6-495afd1f9980"},{"type":"single","resource":"nexo:1f80599f-5719-4853-bad1-02352458ade3"},{"type":"single","resource":"nexo:af387153-b09f-4532-a5b9-9f737428ebcb"},{"type":"single","resource":"nexo:c45d5dc6-d84d-488b-89d1-cf8c0beee437"},{"type":"single","resource":"nexo:336981c8-ee87-4e38-875f-5d558334da72"},{"type":"single","resource":"nexo:f5bd58b3-cdff-4bf2-a291-4646abc4656e"},{"type":"single","resource":"nexo:cbc6c2a3-10d2-4141-9ff3-e833fb594479"},{"type":"single","resource":"nexo:12ef6360-9942-4a7f-9062-9113fd47a10d"},{"type":"single","resource":"nexo:228d8a7b-4a53-4e02-9da9-be7995375a68"},{"type":"single","resource":"nexo:fb50496d-e0f8-4c27-a9c4-bce99a554fd8"},{"type":"single","resource":"nexo:855a9b7e-1057-4e1c-9e3a-85c1b56fb062"},{"type":"single","resource":"item/paper"},{"type":"single","resource":"item/trident"},{"type":"single","resource":"item/wolf_armor"},{"type":"single","resource":"0bdadb44-64e6-4646-b8bb-43184c43bc65"},{"type":"single","resource":"a52feb78-dfee-4535-b4e5-91621458ec1b"},{"type":"single","resource":"34a83084-32d2-4b13-8fc1-9eeca4382513"},{"type":"single","resource":"af9424d3-8561-4938-a93a-44004d6d5fbe"},{"type":"single","resource":"a929dac4-66ed-4602-8927-47d038784ca9"},{"type":"single","resource":"db3cfdec-a534-4ed1-a039-053df8df1fb8"}]}