{"layers":{"humanoid":[{"texture":"nexo:forest"}],"humanoid_leggings":[{"texture":"nexo:forest"}],"wolf_body":[{"texture":"nexo:forest"}],"horse_body":[{"texture":"nexo:forest"}],"llama_body":[{"texture":"nexo:forest"}],"camel_saddle":[{"texture":"nexo:forest"}],"donkey_saddle":[{"texture":"nexo:forest"}],"horse_saddle":[{"texture":"nexo:forest"}],"mule_saddle":[{"texture":"nexo:forest"}],"pig_saddle":[{"texture":"nexo:forest"}],"skeleton_horse_saddle":[{"texture":"nexo:forest"}],"strider_saddle":[{"texture":"nexo:forest"}],"zombie_horse_saddle":[{"texture":"nexo:forest"}]}}