{"model":{"type":"condition","property":"broken","on_true":{"type":"range_dispatch","property":"custom_model_data","entries":[{"threshold":1000.0,"model":{"type":"model","model":"74d574c8-1332-41b2-b8f9-6646daee0ded","tints":[]}}],"fallback":{"type":"model","model":"item/elytra_broken","tints":[]}},"on_false":{"type":"range_dispatch","property":"custom_model_data","entries":[{"threshold":1000.0,"model":{"type":"model","model":"74d574c8-1332-41b2-b8f9-6646daee0ded","tints":[]}}],"fallback":{"type":"model","model":"item/elytra","tints":[]}}}}