{"model":{"type":"range_dispatch","property":"custom_model_data","entries":[{"threshold":1000.0,"model":{"type":"model","model":"449cd260-7ed9-44a3-8ea3-66da7e538719","tints":[]}},{"threshold":1001.0,"model":{"type":"model","model":"nexo:2ae6eb73-0f1c-48bc-be6e-e7d2d908e545","tints":[]}},{"threshold":1002.0,"model":{"type":"model","model":"nexo:1ffb82ef-40b2-4b80-a517-9c2c633cf76c","tints":[]}},{"threshold":1003.0,"model":{"type":"model","model":"nexo:dbf542ad-f7d7-4520-ab28-43dc39a9a300","tints":[]}},{"threshold":1004.0,"model":{"type":"model","model":"nexo:f005724c-3e2e-4fc6-a8d5-d611636d10bb","tints":[]}},{"threshold":1005.0,"model":{"type":"model","model":"nexo:06322982-7a2a-4b75-ac0d-0725fa0eed87","tints":[]}},{"threshold":1006.0,"model":{"type":"model","model":"nexo:a9855bbe-fab8-48ad-9cae-a07b042bec05","tints":[]}},{"threshold":1007.0,"model":{"type":"model","model":"nexo:1abd8d8e-ee30-4cf8-b61f-6163378e40d7","tints":[]}},{"threshold":1008.0,"model":{"type":"model","model":"523cdeb6-fb48-4d52-879c-188d7cbfa18a","tints":[]}},{"threshold":1009.0,"model":{"type":"model","model":"43ad3c5d-2ebd-4533-a13f-f407ec30ecfc","tints":[]}},{"threshold":1010.0,"model":{"type":"model","model":"0815d417-ed65-4b78-99da-6cf2608e1cb0","tints":[]}},{"threshold":1056.0,"model":{"type":"model","model":"nexo:010aca5c-0777-4ce0-9da3-734a33888b37","tints":[]}}],"fallback":{"type":"model","model":"item/paper","tints":[]}}}