{"model":{"type":"condition","property":"using_item","on_true":{"type":"range_dispatch","property":"custom_model_data","entries":[{"threshold":1000.0,"model":{"type":"model","model":"nexo:95c2dc95-3ba7-4dbc-8949-134c348b38aa","tints":[]}}],"fallback":{"type":"special","model":{"type":"shield"},"base":"item/shield_blocking"}},"on_false":{"type":"range_dispatch","property":"custom_model_data","entries":[{"threshold":1000.0,"model":{"type":"model","model":"nexo:9170f75d-ea2e-4cf2-b03a-b155aa5aa9bd","tints":[]}}],"fallback":{"type":"special","model":{"type":"shield"},"base":"item/shield"}}}}