{
  "model": {
    "type": "select",
    "property": "block_state",
    "block_state_property": "connectable",
    "cases": [
      {
        "when": "straight",
        "model": {
          "type": "model",
          "model": "nexo:item/nexo_furniture/connectable/connectable_straight"
        }
      },
      {
        "when": "left",
        "model": {
          "type": "model",
          "model": "nexo:item/nexo_furniture/connectable/connectable_left"
        }
      },
      {
        "when": "right",
        "model": {
          "type": "model",
          "model": "nexo:item/nexo_furniture/connectable/connectable_right"
        }
      },
      {
        "when": "inner",
        "model": {
          "type": "model",
          "model": "nexo:item/nexo_furniture/connectable/connectable_inner"
        }
      },
      {
        "when": "outer",
        "model": {
          "type": "model",
          "model": "nexo:item/nexo_furniture/connectable/connectable_outer"
        }
      }
    ],
    "fallback": {
      "type": "model",
      "model": "nexo:item/nexo_furniture/connectable/connectable"
    }
  }
}