{"model":{"type":"select","property":"block_state","block_state_property":"connectable","cases":[{"when":"straight","model":{"type":"model","model":"nexo:bbb90da4-1627-4989-b4bf-1dbfeb4dc752","tints":[]}},{"when":"left","model":{"type":"model","model":"nexo:c59804e8-1a38-4830-87b0-4a65bfe289ab","tints":[]}},{"when":"right","model":{"type":"model","model":"nexo:e32b336a-89a1-40c9-83fb-7cead561bedf","tints":[]}},{"when":"inner","model":{"type":"model","model":"nexo:ee694c81-05b3-4bcf-a278-93db9dbc9034","tints":[]}},{"when":"outer","model":{"type":"model","model":"nexo:8c71ffbb-52fb-4be4-ad61-f2002d361827","tints":[]}}],"fallback":{"type":"model","model":"nexo:fdf32f07-b11d-4150-97c8-cb5a1cae6cef","tints":[]}}}