{
	"credit": "Made by Workshop Six",
	"texture_size": [128, 128],
	"textures": {
		"2": "nexo:item/nexo_furniture/double_bed_dyeable"
	},
	"elements": [
		{
			"from": [-14, 1, -1.5],
			"to": [14, 11, -0.5],
			"rotation": {"angle": 0, "axis": "y", "origin": [13, 0, -1.5]},
			"faces": {
				"north": {"uv": [3.5, 4, 7, 5.25], "texture": "#2"},
				"south": {"uv": [7, 4, 3.5, 5.25], "texture": "#2"},
				"up": {"uv": [3.5, 6, 0, 5.875], "texture": "#2"},
				"down": {"uv": [3.5, 6, 0, 6.125], "texture": "#2"}
			}
		},
		{
			"from": [-16, 0, -2],
			"to": [-14, 13, 0],
			"rotation": {"angle": 0, "axis": "y", "origin": [-16, 0, -2]},
			"faces": {
				"north": {"uv": [2.5, 7.5, 2.75, 9.125], "texture": "#2"},
				"east": {"uv": [2.75, 7.5, 3, 9.125], "texture": "#2"},
				"south": {"uv": [3, 7.5, 3.25, 9.125], "texture": "#2"},
				"west": {"uv": [3.25, 7.5, 3.5, 9.125], "texture": "#2"},
				"up": {"uv": [8, 6.75, 7.75, 6.5], "texture": "#2"},
				"down": {"uv": [8, 6.75, 7.75, 7], "texture": "#2"}
			}
		},
		{
			"from": [-16, 0, 30],
			"to": [-14, 18, 32],
			"rotation": {"angle": 0, "axis": "y", "origin": [-16, 0, 30]},
			"faces": {
				"north": {"uv": [0, 7.5, 0.25, 9.75], "texture": "#2"},
				"east": {"uv": [0.25, 7.5, 0.5, 9.75], "texture": "#2"},
				"south": {"uv": [0.5, 7.5, 0.75, 9.75], "texture": "#2"},
				"west": {"uv": [0.75, 7.5, 1, 9.75], "texture": "#2"},
				"up": {"uv": [8, 7.25, 7.75, 7], "texture": "#2"},
				"down": {"uv": [8, 7.25, 7.75, 7.5], "texture": "#2"}
			}
		},
		{
			"from": [-14, 1, 30.5],
			"to": [14, 16, 31.5],
			"rotation": {"angle": 0, "axis": "y", "origin": [13, 0, 30.5]},
			"faces": {
				"north": {"uv": [0, 4, 3.5, 5.875], "texture": "#2"},
				"south": {"uv": [0, 4, 3.5, 5.875], "texture": "#2"},
				"up": {"uv": [10.75, 3.375, 7.25, 3.25], "texture": "#2"},
				"down": {"uv": [10.75, 3.375, 7.25, 3.5], "texture": "#2"}
			}
		},
		{
			"from": [-14.975, 1, 0],
			"to": [-13.975, 4, 30],
			"rotation": {"angle": 0, "axis": "y", "origin": [-14.975, 1, 2]},
			"faces": {
				"north": {"uv": [5.5, 8, 5.625, 8.375], "texture": "#2"},
				"east": {"uv": [7, 4.5, 10.75, 4.875], "texture": "#2"},
				"south": {"uv": [5.625, 8, 5.75, 8.375], "texture": "#2"},
				"west": {"uv": [7, 4.875, 10.75, 5.25], "texture": "#2"},
				"up": {"uv": [2.125, 11.25, 2, 7.5], "texture": "#2"},
				"down": {"uv": [2.25, 7.5, 2.125, 11.25], "texture": "#2"}
			}
		},
		{
			"from": [1, 7.75, 24],
			"to": [13, 10.75, 31],
			"rotation": {"angle": -22.5, "axis": "x", "origin": [7, 9.25, 27.5]},
			"faces": {
				"north": {"uv": [7.25, 2.5, 8.75, 2.875], "texture": "#2"},
				"east": {"uv": [7.25, 5.75, 8.125, 6.125], "texture": "#2"},
				"south": {"uv": [7.25, 2.875, 8.75, 3.25], "texture": "#2"},
				"west": {"uv": [4.5, 7.625, 5.375, 8], "texture": "#2"},
				"up": {"uv": [8.75, 1.625, 7.25, 0.75], "texture": "#2"},
				"down": {"uv": [8.75, 1.625, 7.25, 2.5], "texture": "#2"}
			}
		},
		{
			"from": [-13, 7.75, 24],
			"to": [-1, 10.75, 31],
			"rotation": {"angle": -22.5, "axis": "x", "origin": [-7, 9.25, 27.5]},
			"faces": {
				"north": {"uv": [7.25, 2.5, 8.75, 2.875], "texture": "#2"},
				"east": {"uv": [7.25, 5.75, 8.125, 6.125], "texture": "#2"},
				"south": {"uv": [7.25, 2.875, 8.75, 3.25], "texture": "#2"},
				"west": {"uv": [4.5, 7.625, 5.375, 8], "texture": "#2"},
				"up": {"uv": [7.25, 1.625, 8.75, 0.75], "texture": "#2"},
				"down": {"uv": [7.25, 1.625, 8.75, 2.5], "texture": "#2"}
			}
		},
		{
			"from": [-15, 4.5, 2],
			"to": [15, 8.5, 9],
			"rotation": {"angle": 0, "axis": "y", "origin": [16, 2.5, -14]},
			"faces": {
				"north": {"uv": [0, 7, 3.75, 7.5], "texture": "#2", "tintindex": 0},
				"east": {"uv": [7.25, 3.5, 8.125, 4], "texture": "#2", "tintindex": 0},
				"south": {"uv": [7, 4, 10.75, 4.5], "texture": "#2", "tintindex": 0},
				"west": {"uv": [7.25, 5.25, 8.125, 5.75], "texture": "#2", "tintindex": 0},
				"up": {"uv": [7.25, 6.125, 3.5, 5.25], "texture": "#2", "tintindex": 0},
				"down": {"uv": [3.75, 6.125, 0, 7], "texture": "#2", "tintindex": 0}
			}
		},
		{
			"from": [-14.5, 2, -1],
			"to": [14.5, 8, 31],
			"rotation": {"angle": 0, "axis": "y", "origin": [15.5, 2, 2]},
			"faces": {
				"east": {"uv": [3.75, 6.125, 7.75, 6.875], "texture": "#2"},
				"west": {"uv": [3.75, 6.875, 7.75, 7.625], "texture": "#2"},
				"up": {"uv": [3.625, 4, 0, 0], "texture": "#2"},
				"down": {"uv": [7.25, 0, 3.625, 4], "texture": "#2"}
			}
		},
		{
			"from": [-15, 1.5, 2],
			"to": [-15, 4.5, 9],
			"rotation": {"angle": 0, "axis": "y", "origin": [-15.05, 2.5, 5]},
			"faces": {
				"east": {"uv": [5.375, 7.625, 6.25, 8], "texture": "#2", "tintindex": 0},
				"west": {"uv": [6.25, 7.625, 7.125, 8], "texture": "#2", "tintindex": 0}
			}
		},
		{
			"from": [15, 1.5, 2],
			"to": [15, 4.5, 9],
			"rotation": {"angle": 0, "axis": "y", "origin": [15.05, 2.5, 5]},
			"faces": {
				"east": {"uv": [7.125, 7.625, 8, 8], "texture": "#2", "tintindex": 0},
				"west": {"uv": [7.75, 6.125, 8.625, 6.5], "texture": "#2", "tintindex": 0}
			}
		},
		{
			"from": [14, 0, -2],
			"to": [16, 13, 0],
			"rotation": {"angle": 0, "axis": "y", "origin": [16, 0, -2]},
			"faces": {
				"north": {"uv": [3.5, 7.5, 3.75, 9.125], "texture": "#2"},
				"east": {"uv": [3.75, 7.625, 4, 9.25], "texture": "#2"},
				"south": {"uv": [4, 7.625, 4.25, 9.25], "texture": "#2"},
				"west": {"uv": [4.25, 7.625, 4.5, 9.25], "texture": "#2"},
				"up": {"uv": [4.75, 8.25, 4.5, 8], "texture": "#2"},
				"down": {"uv": [5, 8, 4.75, 8.25], "texture": "#2"}
			}
		},
		{
			"from": [13.975, 1, 0],
			"to": [14.975, 4, 30],
			"rotation": {"angle": 0, "axis": "y", "origin": [14.975, 1, 2]},
			"faces": {
				"north": {"uv": [5.75, 8, 5.875, 8.375], "texture": "#2"},
				"east": {"uv": [7.25, 0, 11, 0.375], "texture": "#2"},
				"south": {"uv": [5.875, 8, 6, 8.375], "texture": "#2"},
				"west": {"uv": [7.25, 0.375, 11, 0.75], "texture": "#2"},
				"up": {"uv": [2.375, 11.25, 2.25, 7.5], "texture": "#2"},
				"down": {"uv": [2.5, 7.5, 2.375, 11.25], "texture": "#2"}
			}
		},
		{
			"from": [14, 0, 30],
			"to": [16, 18, 32],
			"rotation": {"angle": 0, "axis": "y", "origin": [16, 0, 30]},
			"faces": {
				"north": {"uv": [1, 7.5, 1.25, 9.75], "texture": "#2"},
				"east": {"uv": [1.25, 7.5, 1.5, 9.75], "texture": "#2"},
				"south": {"uv": [1.5, 7.5, 1.75, 9.75], "texture": "#2"},
				"west": {"uv": [1.75, 7.5, 2, 9.75], "texture": "#2"},
				"up": {"uv": [5.25, 8.25, 5, 8], "texture": "#2"},
				"down": {"uv": [5.5, 8, 5.25, 8.25], "texture": "#2"}
			}
		}
	],
	"gui_light": "front",
	"display": {
		"thirdperson_righthand": {
			"rotation": [40.5, 0, 0],
			"translation": [2, 0, -1.5],
			"scale": [0.25, 0.25, 0.25]
		},
		"thirdperson_lefthand": {
			"rotation": [40.5, 0, 0],
			"translation": [-2, 0, -1.5],
			"scale": [0.25, 0.25, 0.25]
		},
		"firstperson_righthand": {
			"rotation": [0, 121, 0],
			"translation": [1.5, 1.25, -2.5],
			"scale": [0.36, 0.36, 0.36]
		},
		"firstperson_lefthand": {
			"rotation": [0, 121, 0],
			"translation": [2, 1.25, 4],
			"scale": [0.36, 0.36, 0.36]
		},
		"ground": {
			"translation": [2.5, 1.25, 0],
			"scale": [0.3, 0.3, 0.3]
		},
		"gui": {
			"rotation": [11.75, 158, 0],
			"translation": [-3.5, -0.5, 0],
			"scale": [0.35, 0.35, 0.35]
		},
		"head": {
			"scale": [0, 0, 0]
		},
		"fixed": {
			"rotation": [-90, 0, 0],
			"translation": [0, 0, -16],
			"scale": [2, 2, 2]
		}
	},
	"groups": [
		{
			"name": "group",
			"origin": [18, 0, 30],
			"color": 0,
			"children": [0, 1, 2, 3, 4, 5, 6, 7, 8, 9, 10, 11, 12, 13]
		}
	]
}