{
	"format_version": "1.21.6",
	"credit": "Made with Blockbench",
	"texture_size": [128, 128],
	"textures": {
		"3": "nexo:item/nexo_furniture/large_wooden_door"
	},
	"elements": [
		{
			"from": [-16, -16, 0],
			"to": [16, 32, 2],
			"faces": {
				"north": {"uv": [0, 0, 4, 6], "texture": "#3"},
				"east": {"uv": [4, 0, 4.25, 6], "texture": "#3"},
				"south": {"uv": [4, 0, 0, 6], "texture": "#3"},
				"west": {"uv": [4.25, 0, 4.5, 6], "texture": "#3"},
				"up": {"uv": [8.5, 0.25, 4.5, 0], "texture": "#3"},
				"down": {"uv": [8.5, 0.25, 4.5, 0.5], "texture": "#3"}
			}
		},
		{
			"from": [-15.5, 1, -1],
			"to": [-12.5, 10, 0],
			"rotation": {"angle": 0, "axis": "y", "origin": [-15.5, 1, -2]},
			"faces": {
				"north": {"uv": [4.5, 0.5, 4.875, 1.625], "texture": "#3"},
				"east": {"uv": [4.5, 2.75, 4.625, 3.875], "texture": "#3"},
				"south": {"uv": [4.5, 1.625, 4.875, 2.75], "texture": "#3"},
				"west": {"uv": [4.5, 3.875, 4.625, 5], "texture": "#3"},
				"up": {"uv": [5, 4.125, 4.625, 4], "texture": "#3"},
				"down": {"uv": [5, 4.125, 4.625, 4.25], "texture": "#3"}
			}
		},
		{
			"from": [-15, 4.5, -1.5],
			"to": [-13, 6.5, -0.5],
			"rotation": {"angle": 0, "axis": "y", "origin": [-16, 1.5, -2.5]},
			"faces": {
				"north": {"uv": [4.625, 3.5, 4.875, 3.75], "texture": "#3"},
				"east": {"uv": [4.75, 4.5, 4.875, 4.75], "texture": "#3"},
				"south": {"uv": [4.625, 3.75, 4.875, 4], "texture": "#3"},
				"west": {"uv": [4.75, 4.75, 4.875, 5], "texture": "#3"},
				"up": {"uv": [5.125, 0.625, 4.875, 0.5], "texture": "#3"},
				"down": {"uv": [5.125, 0.625, 4.875, 0.75], "texture": "#3"}
			}
		},
		{
			"from": [-15.5, 4, -2.5],
			"to": [-12.5, 7, -1.5],
			"rotation": {"angle": 0, "axis": "z", "origin": [-14, 5.5, -2]},
			"faces": {
				"north": {"uv": [4.625, 2.75, 5, 3.125], "texture": "#3"},
				"east": {"uv": [4.625, 4.25, 4.75, 4.625], "texture": "#3"},
				"south": {"uv": [4.625, 3.125, 5, 3.5], "texture": "#3"},
				"west": {"uv": [4.625, 4.625, 4.75, 5], "texture": "#3"},
				"up": {"uv": [5.125, 4.375, 4.75, 4.25], "texture": "#3"},
				"down": {"uv": [5.125, 4.375, 4.75, 4.5], "texture": "#3"}
			}
		},
		{
			"from": [-15.5, 4, 3.5],
			"to": [-12.5, 7, 4.5],
			"rotation": {"angle": 0, "axis": "z", "origin": [-14, 5.5, 4]},
			"faces": {
				"north": {"uv": [5, 3.125, 4.625, 3.5], "texture": "#3"},
				"east": {"uv": [4.75, 4.25, 4.625, 4.625], "texture": "#3"},
				"south": {"uv": [5, 2.75, 4.625, 3.125], "texture": "#3"},
				"west": {"uv": [4.75, 4.625, 4.625, 5], "texture": "#3"},
				"up": {"uv": [4.75, 4.375, 5.125, 4.25], "texture": "#3"},
				"down": {"uv": [4.75, 4.5, 5.125, 4.375], "texture": "#3"}
			}
		},
		{
			"from": [-15, 4.5, 2.5],
			"to": [-13, 6.5, 3.5],
			"rotation": {"angle": 0, "axis": "y", "origin": [-16, 1.5, 4.5]},
			"faces": {
				"north": {"uv": [4.875, 3.75, 4.625, 4], "texture": "#3"},
				"east": {"uv": [4.875, 4.5, 4.75, 4.75], "texture": "#3"},
				"south": {"uv": [4.875, 3.5, 4.625, 3.75], "texture": "#3"},
				"west": {"uv": [4.875, 4.75, 4.75, 5], "texture": "#3"},
				"up": {"uv": [4.875, 0.625, 5.125, 0.5], "texture": "#3"},
				"down": {"uv": [4.875, 0.75, 5.125, 0.625], "texture": "#3"}
			}
		},
		{
			"from": [-15.5, 1, 2],
			"to": [-12.5, 10, 3],
			"rotation": {"angle": 0, "axis": "y", "origin": [-15.5, 1, 4]},
			"faces": {
				"north": {"uv": [4.875, 1.625, 4.5, 2.75], "texture": "#3"},
				"east": {"uv": [4.625, 2.75, 4.5, 3.875], "texture": "#3"},
				"south": {"uv": [4.875, 0.5, 4.5, 1.625], "texture": "#3"},
				"west": {"uv": [4.625, 3.875, 4.5, 5], "texture": "#3"},
				"up": {"uv": [4.625, 4.125, 5, 4], "texture": "#3"},
				"down": {"uv": [4.625, 4.25, 5, 4.125], "texture": "#3"}
			}
		}
	],
	"gui_light": "front",
	"display": {
		"thirdperson_righthand": {
			"rotation": [40.5, 0, 0],
			"translation": [1.75, -0.5, 1.75],
			"scale": [0.22, 0.22, 0.22]
		},
		"thirdperson_lefthand": {
			"rotation": [40.5, 0, 0],
			"translation": [-1.5, -0.5, 1.75],
			"scale": [0.22, 0.22, 0.22]
		},
		"firstperson_righthand": {
			"rotation": [0, 121, 0],
			"translation": [2, 3.75, 2.5],
			"scale": [0.22, 0.22, 0.22]
		},
		"firstperson_lefthand": {
			"rotation": [0, 121, 0],
			"translation": [2, 3.75, 2.5],
			"scale": [0.22, 0.22, 0.22]
		},
		"ground": {
			"translation": [2.5, 7, 2.25],
			"scale": [0.3, 0.3, 0.3]
		},
		"gui": {
			"rotation": [11.75, 158, 0],
			"translation": [-1.5, 0.5, 0],
			"scale": [0.29, 0.29, 0.29]
		},
		"head": {
			"scale": [0, 0, 0]
		},
		"fixed": {
			"rotation": [-90, 0, 0],
			"translation": [0, 0, -48],
			"scale": [2, 2, 2]
		}
	}
}