{
	"credit": "Made by Workshop Six",
	"texture_size": [64, 64],
	"textures": {
		"2": "nexo:item/nexo_furniture/connectable/connectable_straight_dyeable"
	},
	"elements": [
		{
			"from": [0, 4, 0],
			"to": [16, 6, 16],
			"rotation": {"angle": 0, "axis": "y", "origin": [16, 4, 0]},
			"faces": {
				"north": {"uv": [10.75, 9.5, 14.75, 10], "texture": "#2"},
				"east": {"uv": [4, 11, 8, 11.5], "texture": "#2"},
				"south": {"uv": [8, 11, 12, 11.5], "texture": "#2"},
				"west": {"uv": [0, 11.25, 4, 11.75], "texture": "#2"},
				"up": {"uv": [4, 4, 0, 0], "texture": "#2"},
				"down": {"uv": [4, 4, 0, 8], "texture": "#2"}
			}
		},
		{
			"from": [0, 0, 1],
			"to": [2, 4, 3],
			"rotation": {"angle": 0, "axis": "y", "origin": [0, 0, 1]},
			"faces": {
				"north": {"uv": [12, 0, 12.5, 1], "texture": "#2"},
				"east": {"uv": [0.25, 12, 0.75, 13], "texture": "#2"},
				"south": {"uv": [0.75, 12, 1.25, 13], "texture": "#2"},
				"west": {"uv": [12, 1, 12.5, 2], "texture": "#2"},
				"up": {"uv": [7.25, 10.25, 6.75, 9.75], "texture": "#2"},
				"down": {"uv": [7.75, 9.75, 7.25, 10.25], "texture": "#2"}
			}
		},
		{
			"from": [2, 1, 1.5],
			"to": [15, 4, 2.5],
			"rotation": {"angle": 0, "axis": "y", "origin": [42, 0, 1.5]},
			"faces": {
				"north": {"uv": [8, 6.5, 11.25, 7.25], "texture": "#2"},
				"east": {"uv": [7, 12, 7.25, 12.75], "texture": "#2"},
				"south": {"uv": [8, 7.25, 11.25, 8], "texture": "#2"},
				"west": {"uv": [7.25, 12, 7.5, 12.75], "texture": "#2"},
				"up": {"uv": [12.25, 11.75, 9, 11.5], "texture": "#2"},
				"down": {"uv": [3.25, 11.75, 0, 12], "texture": "#2"}
			}
		},
		{
			"from": [2, 1, 14.5],
			"to": [15, 4, 15.5],
			"rotation": {"angle": 0, "axis": "y", "origin": [42, 0, 14.5]},
			"faces": {
				"north": {"uv": [8, 8, 11.25, 8.75], "texture": "#2"},
				"east": {"uv": [7.5, 12, 7.75, 12.75], "texture": "#2"},
				"south": {"uv": [8, 8.75, 11.25, 9.5], "texture": "#2"},
				"west": {"uv": [7.75, 12, 8, 12.75], "texture": "#2"},
				"up": {"uv": [8.25, 12, 5, 11.75], "texture": "#2"},
				"down": {"uv": [11.5, 11.75, 8.25, 12], "texture": "#2"}
			}
		},
		{
			"from": [0, 0, 14],
			"to": [2, 4, 16],
			"rotation": {"angle": 0, "axis": "y", "origin": [0, 0, 14]},
			"faces": {
				"north": {"uv": [1.25, 12, 1.75, 13], "texture": "#2"},
				"east": {"uv": [1.75, 12, 2.25, 13], "texture": "#2"},
				"south": {"uv": [12, 2, 12.5, 3], "texture": "#2"},
				"west": {"uv": [2.25, 12, 2.75, 13], "texture": "#2"},
				"up": {"uv": [4.5, 11, 4, 10.5], "texture": "#2"},
				"down": {"uv": [5, 10.5, 4.5, 11], "texture": "#2"}
			}
		},
		{
			"from": [0.5, 1, 3],
			"to": [1.5, 4, 14],
			"rotation": {"angle": 0, "axis": "y", "origin": [-0.5, 0, 11]},
			"faces": {
				"north": {"uv": [8, 12, 8.25, 12.75], "texture": "#2"},
				"east": {"uv": [8, 9.5, 10.75, 10.25], "texture": "#2"},
				"south": {"uv": [8.25, 12, 8.5, 12.75], "texture": "#2"},
				"west": {"uv": [4, 9.75, 6.75, 10.5], "texture": "#2"},
				"up": {"uv": [4, 14.5, 3.75, 11.75], "texture": "#2"},
				"down": {"uv": [11.75, 11.75, 11.5, 14.5], "texture": "#2"}
			}
		},
		{
			"from": [0, 6, 14],
			"to": [16, 19, 16],
			"rotation": {"angle": 0, "axis": "y", "origin": [44, 5, 14]},
			"faces": {
				"north": {"uv": [4, 0, 8, 3.25], "texture": "#2"},
				"east": {"uv": [4, 11.5, 4.5, 14.75], "texture": "#2"},
				"south": {"uv": [4, 3.25, 8, 6.5], "texture": "#2"},
				"west": {"uv": [4.5, 11.5, 5, 14.75], "texture": "#2"},
				"up": {"uv": [15.25, 7, 11.25, 6.5], "texture": "#2"},
				"down": {"uv": [15.25, 7, 11.25, 7.5], "texture": "#2"}
			}
		},
		{
			"from": [0, 6, 1],
			"to": [16, 8, 14],
			"rotation": {"angle": 0, "axis": "y", "origin": [15, 6, 1]},
			"faces": {
				"north": {"uv": [11.25, 7.5, 15.25, 8], "texture": "#2", "tintindex": 0},
				"east": {"uv": [11.25, 8.5, 14.5, 9], "texture": "#2", "tintindex": 0},
				"south": {"uv": [11.25, 8, 15.25, 8.5], "texture": "#2", "tintindex": 0},
				"west": {"uv": [11.25, 9, 14.5, 9.5], "texture": "#2", "tintindex": 0},
				"up": {"uv": [8, 9.75, 4, 6.5], "texture": "#2", "tintindex": 0},
				"down": {"uv": [4, 8, 0, 11.25], "texture": "#2", "tintindex": 0}
			}
		},
		{
			"from": [0, 5, 13],
			"to": [16, 18, 14],
			"rotation": {"angle": 0, "axis": "y", "origin": [44, 5, 13]},
			"faces": {
				"north": {"uv": [8, 0, 12, 3.25], "texture": "#2", "tintindex": 0},
				"east": {"uv": [3.25, 11.75, 3.5, 15], "texture": "#2", "tintindex": 0},
				"south": {"uv": [8, 3.25, 12, 6.5], "texture": "#2", "tintindex": 0},
				"west": {"uv": [3.5, 11.75, 3.75, 15], "texture": "#2", "tintindex": 0},
				"up": {"uv": [14.75, 10.25, 10.75, 10], "texture": "#2", "tintindex": 0},
				"down": {"uv": [9, 11.5, 5, 11.75], "texture": "#2", "tintindex": 0}
			}
		},
		{
			"from": [14, 0, 14],
			"to": [16, 4, 16],
			"rotation": {"angle": 0, "axis": "y", "origin": [16, 0, 14]},
			"faces": {
				"north": {"uv": [2.75, 12, 3.25, 13], "texture": "#2"},
				"east": {"uv": [12, 3, 12.5, 4], "texture": "#2"},
				"south": {"uv": [12, 4, 12.5, 5], "texture": "#2"},
				"west": {"uv": [5, 12, 5.5, 13], "texture": "#2"},
				"up": {"uv": [5.5, 11, 5, 10.5], "texture": "#2"},
				"down": {"uv": [6, 10.5, 5.5, 11], "texture": "#2"}
			}
		},
		{
			"from": [14, 0, 1],
			"to": [16, 4, 3],
			"rotation": {"angle": 0, "axis": "y", "origin": [16, 0, 1]},
			"faces": {
				"north": {"uv": [12, 5, 12.5, 6], "texture": "#2"},
				"east": {"uv": [5.5, 12, 6, 13], "texture": "#2"},
				"south": {"uv": [6, 12, 6.5, 13], "texture": "#2"},
				"west": {"uv": [6.5, 12, 7, 13], "texture": "#2"},
				"up": {"uv": [6.5, 11, 6, 10.5], "texture": "#2"},
				"down": {"uv": [12.5, 6, 12, 6.5], "texture": "#2"}
			}
		},
		{
			"from": [14.5, 1, 3],
			"to": [15.5, 4, 14],
			"rotation": {"angle": 0, "axis": "y", "origin": [16.5, 0, 11]},
			"faces": {
				"north": {"uv": [8.5, 12, 8.75, 12.75], "texture": "#2"},
				"east": {"uv": [6.75, 10.25, 9.5, 11], "texture": "#2"},
				"south": {"uv": [8.75, 12, 9, 12.75], "texture": "#2"},
				"west": {"uv": [9.5, 10.25, 12.25, 11], "texture": "#2"},
				"up": {"uv": [12, 14.5, 11.75, 11.75], "texture": "#2"},
				"down": {"uv": [0.25, 12, 0, 14.75], "texture": "#2"}
			}
		}
	],
	"gui_light": "front",
	"display": {
		"thirdperson_righthand": {
			"rotation": [40.5, 0, 0],
			"translation": [0, 1.5, -1.5],
			"scale": [0.4, 0.4, 0.4]
		},
		"thirdperson_lefthand": {
			"rotation": [40.5, 0, 0],
			"translation": [0, 1.5, -1.5],
			"scale": [0.4, 0.4, 0.4]
		},
		"firstperson_righthand": {
			"rotation": [0, 117, 0],
			"translation": [2.25, 2.75, 0],
			"scale": [0.36, 0.36, 0.36]
		},
		"firstperson_lefthand": {
			"rotation": [0, 117, 0],
			"translation": [2.25, 2.75, 0],
			"scale": [0.36, 0.36, 0.36]
		},
		"ground": {
			"translation": [0, 1.25, 0],
			"scale": [0.3, 0.3, 0.3]
		},
		"gui": {
			"rotation": [11.75, 158, 0],
			"translation": [0, -1.25, 0],
			"scale": [0.66, 0.66, 0.66]
		},
		"head": {
			"scale": [0, 0, 0]
		},
		"fixed": {
			"rotation": [-90, 0, 0],
			"translation": [0, 0, -16],
			"scale": [2, 2, 2]
		}
	},
	"groups": [
		{
			"name": "group",
			"origin": [29, 10, 1],
			"color": 0,
			"children": [0, 1, 2, 3, 4, 5, 6, 7, 8, 9, 10, 11]
		}
	]
}