{
	"credit": "Made by Workshop Six",
	"texture_size": [64, 64],
	"textures": {
		"1": "nexo:item/nexo_furniture/connectable/connectable_dyeable",
		"particle": "nexo:item/nexo_furniture/connectable/connectable_dyeable"
	},
	"elements": [
		{
			"from": [0, 4, 0],
			"to": [16, 6, 16],
			"rotation": {"angle": 0, "axis": "y", "origin": [16, 4, 0]},
			"faces": {
				"north": {"uv": [11, 9.25, 15, 9.75], "texture": "#1"},
				"east": {"uv": [11.25, 3.25, 15.25, 3.75], "texture": "#1"},
				"south": {"uv": [11.25, 3.75, 15.25, 4.25], "texture": "#1"},
				"west": {"uv": [11.25, 4.25, 15.25, 4.75], "texture": "#1"},
				"up": {"uv": [4, 4, 0, 0], "texture": "#1"},
				"down": {"uv": [4, 4, 0, 8], "texture": "#1"}
			}
		},
		{
			"from": [0, 0, 1],
			"to": [2, 4, 3],
			"rotation": {"angle": 0, "axis": "y", "origin": [0, 0, 1]},
			"faces": {
				"north": {"uv": [3.5, 8, 4, 9], "texture": "#1"},
				"east": {"uv": [9.75, 11.75, 10.25, 12.75], "texture": "#1"},
				"south": {"uv": [10.25, 11.75, 10.75, 12.75], "texture": "#1"},
				"west": {"uv": [10.75, 11.75, 11.25, 12.75], "texture": "#1"},
				"up": {"uv": [8.5, 13.5, 8, 13], "texture": "#1"},
				"down": {"uv": [9, 13, 8.5, 13.5], "texture": "#1"}
			}
		},
		{
			"from": [2, 1, 1.5],
			"to": [15, 4, 2.5],
			"rotation": {"angle": 0, "axis": "y", "origin": [42, 0, 1.5]},
			"faces": {
				"north": {"uv": [8, 3.25, 11.25, 4], "texture": "#1"},
				"east": {"uv": [9.5, 12, 9.75, 12.75], "texture": "#1"},
				"south": {"uv": [8, 4, 11.25, 4.75], "texture": "#1"},
				"west": {"uv": [5.5, 13.5, 5.75, 14.25], "texture": "#1"},
				"up": {"uv": [14.75, 2.75, 11.5, 2.5], "texture": "#1"},
				"down": {"uv": [14.75, 2.75, 11.5, 3], "texture": "#1"}
			}
		},
		{
			"from": [2, 1, 14.5],
			"to": [15, 4, 15.5],
			"rotation": {"angle": 0, "axis": "y", "origin": [42, 0, 14.5]},
			"faces": {
				"north": {"uv": [8, 4.75, 11.25, 5.5], "texture": "#1"},
				"east": {"uv": [5.75, 13.5, 6, 14.25], "texture": "#1"},
				"south": {"uv": [8, 5.5, 11.25, 6.25], "texture": "#1"},
				"west": {"uv": [6, 13.5, 6.25, 14.25], "texture": "#1"},
				"up": {"uv": [14.75, 3.25, 11.5, 3], "texture": "#1"},
				"down": {"uv": [9.75, 11.75, 6.5, 12], "texture": "#1"}
			}
		},
		{
			"from": [0, 0, 14],
			"to": [2, 4, 16],
			"rotation": {"angle": 0, "axis": "y", "origin": [0, 0, 14]},
			"faces": {
				"north": {"uv": [11.25, 11.75, 11.75, 12.75], "texture": "#1"},
				"east": {"uv": [11.75, 11.75, 12.25, 12.75], "texture": "#1"},
				"south": {"uv": [6.5, 12, 7, 13], "texture": "#1"},
				"west": {"uv": [7, 12, 7.5, 13], "texture": "#1"},
				"up": {"uv": [9.5, 13.5, 9, 13], "texture": "#1"},
				"down": {"uv": [13.5, 9.75, 13, 10.25], "texture": "#1"}
			}
		},
		{
			"from": [0.5, 1, 3],
			"to": [1.5, 4, 14],
			"rotation": {"angle": 0, "axis": "y", "origin": [-0.5, 0, 11]},
			"faces": {
				"north": {"uv": [6.25, 13.5, 6.5, 14.25], "texture": "#1"},
				"east": {"uv": [6.5, 9.75, 9.25, 10.5], "texture": "#1"},
				"south": {"uv": [6.5, 13.5, 6.75, 14.25], "texture": "#1"},
				"west": {"uv": [9.25, 9.75, 12, 10.5], "texture": "#1"},
				"up": {"uv": [1.75, 14.5, 1.5, 11.75], "texture": "#1"},
				"down": {"uv": [2, 11.75, 1.75, 14.5], "texture": "#1"}
			}
		},
		{
			"from": [0, 6, 14],
			"to": [16, 19, 16],
			"rotation": {"angle": 0, "axis": "y", "origin": [44, 5, 14]},
			"faces": {
				"north": {"uv": [4, 0, 8, 3.25], "texture": "#1"},
				"east": {"uv": [0, 11.75, 0.5, 15], "texture": "#1"},
				"south": {"uv": [4, 3.25, 8, 6.5], "texture": "#1"},
				"west": {"uv": [0.5, 11.75, 1, 15], "texture": "#1"},
				"up": {"uv": [15.25, 5.25, 11.25, 4.75], "texture": "#1"},
				"down": {"uv": [15.25, 5.25, 11.25, 5.75], "texture": "#1"}
			}
		},
		{
			"from": [0, 6, 1],
			"to": [2, 9, 3],
			"rotation": {"angle": 0, "axis": "y", "origin": [2, 6, 1]},
			"faces": {
				"north": {"uv": [3.5, 9, 4, 9.75], "texture": "#1"},
				"east": {"uv": [10, 12.75, 10.5, 13.5], "texture": "#1"},
				"south": {"uv": [10.5, 12.75, 11, 13.5], "texture": "#1"},
				"west": {"uv": [11, 12.75, 11.5, 13.5], "texture": "#1"},
				"up": {"uv": [13.5, 10.75, 13, 10.25], "texture": "#1"},
				"down": {"uv": [13.5, 12.5, 13, 13], "texture": "#1"}
			}
		},
		{
			"from": [-1, 9, 0],
			"to": [2, 11, 15],
			"rotation": {"angle": 0, "axis": "y", "origin": [2, 10, 1]},
			"faces": {
				"north": {"uv": [12, 10.75, 12.75, 11.25], "texture": "#1"},
				"east": {"uv": [11.25, 5.75, 15, 6.25], "texture": "#1"},
				"south": {"uv": [12.75, 10.75, 13.5, 11.25], "texture": "#1"},
				"west": {"uv": [6.5, 11.25, 10.25, 11.75], "texture": "#1"},
				"up": {"uv": [4.25, 13.5, 3.5, 9.75], "texture": "#1"},
				"down": {"uv": [5, 9.75, 4.25, 13.5], "texture": "#1"}
			}
		},
		{
			"from": [0.5, 6, 3],
			"to": [1.5, 9, 14],
			"rotation": {"angle": 0, "axis": "y", "origin": [1.5, 6, 3]},
			"faces": {
				"north": {"uv": [6.75, 13.5, 7, 14.25], "texture": "#1"},
				"east": {"uv": [6.5, 10.5, 9.25, 11.25], "texture": "#1"},
				"south": {"uv": [7, 13.5, 7.25, 14.25], "texture": "#1"},
				"west": {"uv": [9.25, 10.5, 12, 11.25], "texture": "#1"},
				"up": {"uv": [2.25, 14.5, 2, 11.75], "texture": "#1"},
				"down": {"uv": [2.5, 11.75, 2.25, 14.5], "texture": "#1"}
			}
		},
		{
			"from": [1, 6, 1],
			"to": [15, 8, 14],
			"rotation": {"angle": 0, "axis": "y", "origin": [15, 6, 1]},
			"faces": {
				"north": {"uv": [0, 11.25, 3.5, 11.75], "texture": "#1", "tintindex": 0},
				"east": {"uv": [11.5, 1, 14.75, 1.5], "texture": "#1", "tintindex": 0},
				"south": {"uv": [11.5, 0.5, 15, 1], "texture": "#1", "tintindex": 0},
				"west": {"uv": [11.5, 1.5, 14.75, 2], "texture": "#1", "tintindex": 0},
				"up": {"uv": [7.5, 9.75, 4, 6.5], "texture": "#1", "tintindex": 0},
				"down": {"uv": [11, 6.5, 7.5, 9.75], "texture": "#1", "tintindex": 0}
			}
		},
		{
			"from": [1, 5, 13],
			"to": [15, 18, 14],
			"rotation": {"angle": 0, "axis": "y", "origin": [44, 5, 13]},
			"faces": {
				"north": {"uv": [0, 8, 3.5, 11.25], "texture": "#1", "tintindex": 0},
				"east": {"uv": [1, 11.75, 1.25, 15], "texture": "#1", "tintindex": 0},
				"south": {"uv": [8, 0, 11.5, 3.25], "texture": "#1", "tintindex": 0},
				"west": {"uv": [1.25, 11.75, 1.5, 15], "texture": "#1", "tintindex": 0},
				"up": {"uv": [15, 2.25, 11.5, 2], "texture": "#1", "tintindex": 0},
				"down": {"uv": [15, 2.25, 11.5, 2.5], "texture": "#1", "tintindex": 0}
			}
		},
		{
			"from": [14, 0, 14],
			"to": [16, 4, 16],
			"rotation": {"angle": 0, "axis": "y", "origin": [16, 0, 14]},
			"faces": {
				"north": {"uv": [7.5, 12, 8, 13], "texture": "#1"},
				"east": {"uv": [8, 12, 8.5, 13], "texture": "#1"},
				"south": {"uv": [8.5, 12, 9, 13], "texture": "#1"},
				"west": {"uv": [9, 12, 9.5, 13], "texture": "#1"},
				"up": {"uv": [13.5, 13.5, 13, 13], "texture": "#1"},
				"down": {"uv": [13.75, 11.75, 13.25, 12.25], "texture": "#1"}
			}
		},
		{
			"from": [14, 0, 1],
			"to": [16, 4, 3],
			"rotation": {"angle": 0, "axis": "y", "origin": [16, 0, 1]},
			"faces": {
				"north": {"uv": [12, 9.75, 12.5, 10.75], "texture": "#1"},
				"east": {"uv": [12.25, 11.75, 12.75, 12.75], "texture": "#1"},
				"south": {"uv": [12.5, 9.75, 13, 10.75], "texture": "#1"},
				"west": {"uv": [9.5, 12.75, 10, 13.75], "texture": "#1"},
				"up": {"uv": [4, 14, 3.5, 13.5], "texture": "#1"},
				"down": {"uv": [4.5, 13.5, 4, 14], "texture": "#1"}
			}
		},
		{
			"from": [14.5, 1, 3],
			"to": [15.5, 4, 14],
			"rotation": {"angle": 0, "axis": "y", "origin": [16.5, 0, 11]},
			"faces": {
				"north": {"uv": [7.25, 13.5, 7.5, 14.25], "texture": "#1"},
				"east": {"uv": [11, 6.25, 13.75, 7], "texture": "#1"},
				"south": {"uv": [7.5, 13.5, 7.75, 14.25], "texture": "#1"},
				"west": {"uv": [11, 7, 13.75, 7.75], "texture": "#1"},
				"up": {"uv": [2.75, 14.5, 2.5, 11.75], "texture": "#1"},
				"down": {"uv": [3, 11.75, 2.75, 14.5], "texture": "#1"}
			}
		},
		{
			"from": [14.5, 6, 3],
			"to": [15.5, 9, 14],
			"rotation": {"angle": 0, "axis": "y", "origin": [14.5, 6, 3]},
			"faces": {
				"north": {"uv": [7.75, 13.5, 8, 14.25], "texture": "#1"},
				"east": {"uv": [11, 7.75, 13.75, 8.5], "texture": "#1"},
				"south": {"uv": [8, 13.5, 8.25, 14.25], "texture": "#1"},
				"west": {"uv": [11, 8.5, 13.75, 9.25], "texture": "#1"},
				"up": {"uv": [3, 11.75, 3.25, 14.5], "texture": "#1"},
				"down": {"uv": [3.25, 11.75, 3.5, 14.5], "texture": "#1"}
			}
		},
		{
			"from": [14, 6, 1],
			"to": [16, 9, 3],
			"rotation": {"angle": 0, "axis": "y", "origin": [14, 6, 1]},
			"faces": {
				"north": {"uv": [11.5, 12.75, 12, 13.5], "texture": "#1"},
				"east": {"uv": [12.75, 11.75, 13.25, 12.5], "texture": "#1"},
				"south": {"uv": [12, 12.75, 12.5, 13.5], "texture": "#1"},
				"west": {"uv": [12.5, 12.75, 13, 13.5], "texture": "#1"},
				"up": {"uv": [5, 14, 4.5, 13.5], "texture": "#1"},
				"down": {"uv": [5.5, 13.5, 5, 14], "texture": "#1"}
			}
		},
		{
			"from": [14, 9, 0],
			"to": [17, 11, 15],
			"rotation": {"angle": 0, "axis": "y", "origin": [14, 10, 1]},
			"faces": {
				"north": {"uv": [6.5, 13, 7.25, 13.5], "texture": "#1"},
				"east": {"uv": [10.25, 11.25, 14, 11.75], "texture": "#1"},
				"south": {"uv": [7.25, 13, 8, 13.5], "texture": "#1"},
				"west": {"uv": [11.5, 0, 15.25, 0.5], "texture": "#1"},
				"up": {"uv": [5.75, 13.5, 5, 9.75], "texture": "#1"},
				"down": {"uv": [6.5, 9.75, 5.75, 13.5], "texture": "#1"}
			}
		}
	],
	"gui_light": "front",
	"display": {
		"thirdperson_righthand": {
			"rotation": [40.5, 0, 0],
			"translation": [0, 1.5, -1.5],
			"scale": [0.4, 0.4, 0.4]
		},
		"thirdperson_lefthand": {
			"rotation": [40.5, 0, 0],
			"translation": [0, 1.5, -1.5],
			"scale": [0.4, 0.4, 0.4]
		},
		"firstperson_righthand": {
			"rotation": [0, 117, 0],
			"translation": [2.25, 2.75, 0],
			"scale": [0.36, 0.36, 0.36]
		},
		"firstperson_lefthand": {
			"rotation": [0, 117, 0],
			"translation": [2.25, 2.75, 0],
			"scale": [0.36, 0.36, 0.36]
		},
		"ground": {
			"translation": [0, 1.25, 0],
			"scale": [0.3, 0.3, 0.3]
		},
		"gui": {
			"rotation": [11.75, 158, 0],
			"translation": [0, -1.25, 0],
			"scale": [0.66, 0.66, 0.66]
		},
		"head": {
			"scale": [0, 0, 0]
		},
		"fixed": {
			"rotation": [-90, 0, 0],
			"translation": [0, 0, -16],
			"scale": [2, 2, 2]
		}
	},
	"groups": [
		{
			"name": "group",
			"origin": [29, 10, 1],
			"color": 0,
			"children": [0, 1, 2, 3, 4, 5, 6, 7, 8, 9, 10, 11, 12, 13, 14, 15, 16, 17]
		}
	]
}