{
	"credit": "Made by Workshop Six",
	"texture_size": [128, 128],
	"textures": {
		"2": "nexo:item/nexo_furniture/connectable/connectable_inner_dyeable"
	},
	"elements": [
		{
			"from": [0, 4, 0],
			"to": [16, 6, 16],
			"rotation": {"angle": 0, "axis": "y", "origin": [0, 4, 0]},
			"faces": {
				"north": {"uv": [7.875, 0.75, 5.875, 1], "texture": "#2"},
				"east": {"uv": [7.875, 1.5, 5.875, 1.75], "texture": "#2"},
				"south": {"uv": [7.875, 1.25, 5.875, 1.5], "texture": "#2"},
				"west": {"uv": [7.875, 1, 5.875, 1.25], "texture": "#2"},
				"up": {"uv": [0, 2, 2, 0], "texture": "#2"},
				"down": {"uv": [0, 2, 2, 4], "texture": "#2"}
			}
		},
		{
			"from": [0, 1, 14.5],
			"to": [14, 4, 15.5],
			"rotation": {"angle": 0, "axis": "y", "origin": [-26, 0, 14.5]},
			"faces": {
				"north": {"uv": [7.25, 4.875, 5.5, 5.25], "texture": "#2"},
				"east": {"uv": [2, 4.375, 1.875, 4.75], "texture": "#2"},
				"south": {"uv": [7.25, 5.25, 5.5, 5.625], "texture": "#2"},
				"west": {"uv": [2, 4, 1.875, 4.375], "texture": "#2"},
				"up": {"uv": [5.125, 6.875, 6.875, 6.75], "texture": "#2"},
				"down": {"uv": [1.5, 6.875, 3.25, 7], "texture": "#2"}
			}
		},
		{
			"from": [14, 0, 14],
			"to": [16, 4, 16],
			"rotation": {"angle": 0, "axis": "y", "origin": [16, 0, 14]},
			"faces": {
				"north": {"uv": [1.75, 6, 1.5, 6.5], "texture": "#2"},
				"east": {"uv": [2, 7, 1.75, 7.5], "texture": "#2"},
				"south": {"uv": [1.75, 7, 1.5, 7.5], "texture": "#2"},
				"west": {"uv": [4.75, 6.875, 4.5, 7.375], "texture": "#2"},
				"up": {"uv": [2, 7.25, 2.25, 7], "texture": "#2"},
				"down": {"uv": [2.25, 7, 2.5, 7.25], "texture": "#2"}
			}
		},
		{
			"from": [14.5, 1, 0],
			"to": [15.5, 4, 14],
			"rotation": {"angle": 0, "axis": "y", "origin": [16.5, 0, 11]},
			"faces": {
				"north": {"uv": [1.875, 5.625, 1.75, 6], "texture": "#2"},
				"east": {"uv": [7.25, 5.625, 5.5, 6], "texture": "#2"},
				"south": {"uv": [1.875, 6, 1.75, 6.375], "texture": "#2"},
				"west": {"uv": [1.75, 5.625, 0, 6], "texture": "#2"},
				"up": {"uv": [3.25, 8.625, 3.375, 6.875], "texture": "#2"},
				"down": {"uv": [3.375, 6.875, 3.5, 8.625], "texture": "#2"}
			}
		},
		{
			"from": [0, 6, 14],
			"to": [16, 19, 16],
			"rotation": {"angle": 0, "axis": "y", "origin": [-28, 5, 14]},
			"faces": {
				"north": {"uv": [4, 0, 2, 1.625], "texture": "#2"},
				"east": {"uv": [1, 6, 0.75, 7.625], "texture": "#2"},
				"south": {"uv": [4, 1.625, 2, 3.25], "texture": "#2"},
				"west": {"uv": [0.75, 6, 0.5, 7.625], "texture": "#2"},
				"up": {"uv": [5.875, 2, 7.875, 1.75], "texture": "#2"},
				"down": {"uv": [5.875, 2, 7.875, 2.25], "texture": "#2"}
			}
		},
		{
			"from": [14.5, 6, 3],
			"to": [15.5, 9, 14],
			"rotation": {"angle": 0, "axis": "y", "origin": [14.5, 6, 3]},
			"faces": {
				"north": {"uv": [4.875, 6.875, 4.75, 7.25], "texture": "#2"},
				"east": {"uv": [7.25, 0.375, 5.875, 0.75], "texture": "#2"},
				"south": {"uv": [2.625, 7, 2.5, 7.375], "texture": "#2"},
				"west": {"uv": [7.25, 0, 5.875, 0.375], "texture": "#2"},
				"up": {"uv": [4.25, 8.25, 4.375, 6.875], "texture": "#2"},
				"down": {"uv": [4.375, 6.875, 4.5, 8.25], "texture": "#2"}
			}
		},
		{
			"from": [1, 6, 1],
			"to": [15, 8, 15],
			"rotation": {"angle": 0, "axis": "y", "origin": [2, 6, 2]},
			"faces": {
				"north": {"uv": [7.625, 2.25, 5.875, 2.5], "texture": "#2", "tintindex": 0},
				"east": {"uv": [7.625, 3, 5.875, 3.25], "texture": "#2", "tintindex": 0},
				"south": {"uv": [7.625, 2.75, 5.875, 3], "texture": "#2", "tintindex": 0},
				"west": {"uv": [7.625, 2.5, 5.875, 2.75], "texture": "#2", "tintindex": 0},
				"up": {"uv": [2, 5, 3.75, 3.25], "texture": "#2", "tintindex": 0},
				"down": {"uv": [3.75, 3.25, 5.5, 5], "texture": "#2", "tintindex": 0}
			}
		},
		{
			"from": [0, 6, 1],
			"to": [1, 8, 13],
			"rotation": {"angle": 0, "axis": "y", "origin": [1, 6, 2]},
			"faces": {
				"north": {"uv": [2, 4.75, 1.875, 5], "texture": "#2", "tintindex": 0},
				"east": {"uv": [7, 6.25, 5.5, 6.5], "texture": "#2", "tintindex": 0},
				"south": {"uv": [1.875, 6.375, 1.75, 6.625], "texture": "#2", "tintindex": 0},
				"west": {"uv": [7, 6, 5.5, 6.25], "texture": "#2", "tintindex": 0},
				"up": {"uv": [4, 8.375, 4.125, 6.875], "texture": "#2", "tintindex": 0},
				"down": {"uv": [4.125, 6.875, 4.25, 8.375], "texture": "#2", "tintindex": 0}
			}
		},
		{
			"from": [1, 6, 0],
			"to": [13, 8, 1],
			"rotation": {"angle": 0, "axis": "y", "origin": [2, 6, 1]},
			"faces": {
				"north": {"uv": [7, 6.5, 5.5, 6.75], "texture": "#2", "tintindex": 0},
				"east": {"uv": [2.875, 7, 2.75, 7.25], "texture": "#2", "tintindex": 0},
				"south": {"uv": [3, 6.625, 1.5, 6.875], "texture": "#2", "tintindex": 0},
				"west": {"uv": [2.75, 7, 2.625, 7.25], "texture": "#2", "tintindex": 0},
				"up": {"uv": [5.125, 7, 6.625, 6.875], "texture": "#2", "tintindex": 0},
				"down": {"uv": [6.625, 6.875, 8.125, 7], "texture": "#2", "tintindex": 0}
			}
		},
		{
			"from": [0, 5, 13],
			"to": [15, 18, 14],
			"rotation": {"angle": 0, "axis": "y", "origin": [-28, 5, 13]},
			"faces": {
				"north": {"uv": [1.875, 4, 0, 5.625], "texture": "#2", "tintindex": 0},
				"east": {"uv": [3.75, 6.875, 3.625, 8.5], "texture": "#2", "tintindex": 0},
				"south": {"uv": [5.875, 0, 4, 1.625], "texture": "#2", "tintindex": 0},
				"west": {"uv": [3.625, 6.875, 3.5, 8.5], "texture": "#2", "tintindex": 0},
				"up": {"uv": [3, 6.75, 4.875, 6.625], "texture": "#2", "tintindex": 0},
				"down": {"uv": [3, 6.75, 4.875, 6.875], "texture": "#2", "tintindex": 0}
			}
		},
		{
			"from": [14, 6, 0],
			"to": [16, 19, 14],
			"rotation": {"angle": 0, "axis": "y", "origin": [14.35, 12, 8.025]},
			"faces": {
				"north": {"uv": [1.25, 6, 1, 7.625], "texture": "#2"},
				"east": {"uv": [7.25, 3.25, 5.5, 4.875], "texture": "#2"},
				"south": {"uv": [1.5, 6, 1.25, 7.625], "texture": "#2"},
				"west": {"uv": [5.5, 5, 3.75, 6.625], "texture": "#2"},
				"up": {"uv": [0, 7.75, 0.25, 6], "texture": "#2"},
				"down": {"uv": [0.25, 6, 0.5, 7.75], "texture": "#2"}
			}
		},
		{
			"from": [12.975, 5, 0.025],
			"to": [13.975, 18, 15.025],
			"rotation": {"angle": 0, "axis": "y", "origin": [14.1, 12, 8.025]},
			"faces": {
				"north": {"uv": [3.875, 6.875, 3.75, 8.5], "texture": "#2", "tintindex": 0},
				"east": {"uv": [3.75, 5, 1.875, 6.625], "texture": "#2", "tintindex": 0},
				"south": {"uv": [4, 6.875, 3.875, 8.5], "texture": "#2", "tintindex": 0},
				"west": {"uv": [5.875, 1.625, 4, 3.25], "texture": "#2", "tintindex": 0},
				"up": {"uv": [4.875, 8.5, 5, 6.625], "texture": "#2", "tintindex": 0},
				"down": {"uv": [5, 6.625, 5.125, 8.5], "texture": "#2", "tintindex": 0}
			}
		}
	],
	"gui_light": "front",
	"display": {
		"thirdperson_righthand": {
			"rotation": [40.5, 0, 0],
			"translation": [0, 1.5, -1.5],
			"scale": [0.4, 0.4, 0.4]
		},
		"thirdperson_lefthand": {
			"rotation": [40.5, 0, 0],
			"translation": [0, 1.5, -1.5],
			"scale": [0.4, 0.4, 0.4]
		},
		"firstperson_righthand": {
			"rotation": [0, 117, 0],
			"translation": [2.25, 2.75, 0],
			"scale": [0.36, 0.36, 0.36]
		},
		"firstperson_lefthand": {
			"rotation": [0, 117, 0],
			"translation": [2.25, 2.75, 0],
			"scale": [0.36, 0.36, 0.36]
		},
		"ground": {
			"translation": [0, 1.25, 0],
			"scale": [0.3, 0.3, 0.3]
		},
		"gui": {
			"rotation": [11.75, 158, 0],
			"translation": [0, -1.25, 0],
			"scale": [0.66, 0.66, 0.66]
		},
		"head": {
			"scale": [0, 0, 0]
		},
		"fixed": {
			"rotation": [-90, 0, 0],
			"translation": [0, 0, -16],
			"scale": [2, 2, 2]
		}
	},
	"groups": [
		{
			"name": "group",
			"origin": [29, 10, 1],
			"color": 0,
			"children": [0, 1, 2, 3, 4, 5, 6, 7, 8, 9, 10, 11]
		}
	]
}