{
	"credit": "Made by Workshop Six",
	"texture_size": [64, 64],
	"textures": {
		"2": "nexo:item/nexo_furniture/connectable/connectable_outer_dyeable"
	},
	"elements": [
		{
			"from": [0, 4, 0],
			"to": [16, 6, 16],
			"rotation": {"angle": 0, "axis": "y", "origin": [0, 4, 0]},
			"faces": {
				"north": {"uv": [7.25, 8.25, 3.25, 8.75], "texture": "#2"},
				"east": {"uv": [12.5, 0.5, 8.5, 1], "texture": "#2"},
				"south": {"uv": [12.5, 0, 8.5, 0.5], "texture": "#2"},
				"west": {"uv": [11.25, 8.25, 7.25, 8.75], "texture": "#2"},
				"up": {"uv": [0, 4, 4, 0], "texture": "#2"},
				"down": {"uv": [0, 4, 4, 8], "texture": "#2"}
			}
		},
		{
			"from": [3, 1, 1.5],
			"to": [16, 4, 2.5],
			"rotation": {"angle": 0, "axis": "y", "origin": [-26, 0, 1.5]},
			"faces": {
				"north": {"uv": [7.25, 7.5, 4, 8.25], "texture": "#2"},
				"east": {"uv": [8.5, 8.75, 8.25, 9.5], "texture": "#2"},
				"south": {"uv": [10.5, 7.5, 7.25, 8.25], "texture": "#2"},
				"west": {"uv": [8.25, 8.75, 8, 9.5], "texture": "#2"},
				"up": {"uv": [7.75, 7.5, 11, 7.25], "texture": "#2"},
				"down": {"uv": [8.5, 6.25, 11.75, 6.5], "texture": "#2"}
			}
		},
		{
			"from": [14, 6, 14],
			"to": [16, 19, 16],
			"rotation": {"angle": 0, "axis": "y", "origin": [-28, 5, 14]},
			"faces": {
				"north": {"uv": [9, 3, 8.5, 6.25], "texture": "#2"},
				"east": {"uv": [1.5, 8.75, 1, 12], "texture": "#2"},
				"south": {"uv": [1, 8.75, 0.5, 12], "texture": "#2"},
				"west": {"uv": [0.5, 8.75, 0, 12], "texture": "#2"},
				"up": {"uv": [6, 9.25, 6.5, 8.75], "texture": "#2"},
				"down": {"uv": [6.5, 8.75, 7, 9.25], "texture": "#2"}
			}
		},
		{
			"from": [1, 6, 1],
			"to": [16, 8, 16],
			"rotation": {"angle": 0, "axis": "y", "origin": [1, 6, 1]},
			"faces": {
				"north": {"uv": [12.25, 1, 8.5, 1.5], "texture": "#2", "tintindex": 0},
				"east": {"uv": [12.25, 2.5, 8.5, 3], "texture": "#2", "tintindex": 0},
				"south": {"uv": [12.25, 2, 8.5, 2.5], "texture": "#2", "tintindex": 0},
				"west": {"uv": [12.25, 1.5, 8.5, 2], "texture": "#2", "tintindex": 0},
				"up": {"uv": [4, 3.75, 7.75, 0], "texture": "#2", "tintindex": 0},
				"down": {"uv": [4, 3.75, 7.75, 7.5], "texture": "#2", "tintindex": 0}
			}
		},
		{
			"from": [13, 5, 13],
			"to": [16, 18, 14],
			"rotation": {"angle": 0, "axis": "y", "origin": [-28, 5, 13]},
			"faces": {
				"north": {"uv": [8.5, 0, 7.75, 3.25], "texture": "#2", "tintindex": 0},
				"east": {"uv": [3, 8.75, 2.75, 12], "texture": "#2", "tintindex": 0},
				"south": {"uv": [8.5, 3.25, 7.75, 6.5], "texture": "#2", "tintindex": 0},
				"west": {"uv": [2.75, 8.75, 2.5, 12], "texture": "#2", "tintindex": 0},
				"up": {"uv": [3.25, 8.25, 4, 8], "texture": "#2", "tintindex": 0},
				"down": {"uv": [8.5, 8.75, 9.25, 9], "texture": "#2", "tintindex": 0}
			}
		},
		{
			"from": [13, 5, 14],
			"to": [14, 18, 16],
			"rotation": {"angle": 0, "axis": "y", "origin": [-28, 5, 14]},
			"faces": {
				"north": {"uv": [3.25, 8.75, 3, 12], "texture": "#2", "tintindex": 0},
				"east": {"uv": [2.5, 8.75, 2, 12], "texture": "#2", "tintindex": 0},
				"south": {"uv": [3.5, 8.75, 3.25, 12], "texture": "#2", "tintindex": 0},
				"west": {"uv": [2, 8.75, 1.5, 12], "texture": "#2", "tintindex": 0},
				"up": {"uv": [9, 5, 9.25, 4.5], "texture": "#2", "tintindex": 0},
				"down": {"uv": [9, 5, 9.25, 5.5], "texture": "#2", "tintindex": 0}
			}
		},
		{
			"from": [1, 0, 1],
			"to": [3, 4, 3],
			"rotation": {"angle": 0, "axis": "y", "origin": [1, 0, 1]},
			"faces": {
				"north": {"uv": [4.5, 8.75, 4, 9.75], "texture": "#2"},
				"east": {"uv": [6, 8.75, 5.5, 9.75], "texture": "#2"},
				"south": {"uv": [5.5, 8.75, 5, 9.75], "texture": "#2"},
				"west": {"uv": [5, 8.75, 4.5, 9.75], "texture": "#2"},
				"up": {"uv": [7, 9.25, 7.5, 8.75], "texture": "#2"},
				"down": {"uv": [7.5, 8.75, 8, 9.25], "texture": "#2"}
			}
		},
		{
			"from": [1.5, 1, 3],
			"to": [2.5, 4, 16],
			"rotation": {"angle": 0, "axis": "y", "origin": [0.5, 0, 11]},
			"faces": {
				"north": {"uv": [9.25, 3, 9, 3.75], "texture": "#2"},
				"east": {"uv": [3.25, 8, 0, 8.75], "texture": "#2"},
				"south": {"uv": [9.25, 3.75, 9, 4.5], "texture": "#2"},
				"west": {"uv": [11, 6.5, 7.75, 7.25], "texture": "#2"},
				"up": {"uv": [3.5, 12, 3.75, 8.75], "texture": "#2"},
				"down": {"uv": [3.75, 8.75, 4, 12], "texture": "#2"}
			}
		}
	],
	"gui_light": "front",
	"display": {
		"thirdperson_righthand": {
			"rotation": [40.5, 0, 0],
			"translation": [0, 1.5, -1.5],
			"scale": [0.4, 0.4, 0.4]
		},
		"thirdperson_lefthand": {
			"rotation": [40.5, 0, 0],
			"translation": [0, 1.5, -1.5],
			"scale": [0.4, 0.4, 0.4]
		},
		"firstperson_righthand": {
			"rotation": [0, 117, 0],
			"translation": [2.25, 2.75, 0],
			"scale": [0.36, 0.36, 0.36]
		},
		"firstperson_lefthand": {
			"rotation": [0, 117, 0],
			"translation": [2.25, 2.75, 0],
			"scale": [0.36, 0.36, 0.36]
		},
		"ground": {
			"translation": [0, 1.25, 0],
			"scale": [0.3, 0.3, 0.3]
		},
		"gui": {
			"rotation": [11.75, 158, 0],
			"translation": [0, -1.25, 0],
			"scale": [0.66, 0.66, 0.66]
		},
		"head": {
			"scale": [0, 0, 0]
		},
		"fixed": {
			"rotation": [-90, 0, 0],
			"translation": [0, 0, -16],
			"scale": [2, 2, 2]
		}
	},
	"groups": [
		{
			"name": "group",
			"origin": [29, 10, 1],
			"color": 0,
			"children": [0, 1, 2, 3, 4, 5, 6, 7]
		}
	]
}