{
	"credit": "Made by Workshop Six",
	"texture_size": [64, 64],
	"textures": {
		"2": "nexo:item/nexo_furniture/connectable/connectable_left_dyeable",
		"particle": "nexo:item/nexo_furniture/connectable/connectable_left_dyeable"
	},
	"elements": [
		{
			"from": [0, 4, 0],
			"to": [16, 6, 16],
			"rotation": {"angle": 0, "axis": "y", "origin": [0, 4, 0]},
			"faces": {
				"north": {"uv": [9.25, 11.25, 5.25, 11.75], "texture": "#2"},
				"east": {"uv": [15.5, 6.75, 11.5, 7.25], "texture": "#2"},
				"south": {"uv": [15.5, 6.25, 11.5, 6.75], "texture": "#2"},
				"west": {"uv": [13.25, 11.25, 9.25, 11.75], "texture": "#2"},
				"up": {"uv": [0, 4, 4, 0], "texture": "#2"},
				"down": {"uv": [0, 4, 4, 8], "texture": "#2"}
			}
		},
		{
			"from": [1, 1, 1.5],
			"to": [16, 4, 2.5],
			"rotation": {"angle": 0, "axis": "y", "origin": [-26, 0, 1.5]},
			"faces": {
				"north": {"uv": [11.75, 3.25, 8, 4], "texture": "#2"},
				"east": {"uv": [4, 8.75, 3.75, 9.5], "texture": "#2"},
				"south": {"uv": [11.75, 4, 8, 4.75], "texture": "#2"},
				"west": {"uv": [4, 8, 3.75, 8.75], "texture": "#2"},
				"up": {"uv": [11.75, 4, 15.5, 3.75], "texture": "#2"},
				"down": {"uv": [11.75, 4, 15.5, 4.25], "texture": "#2"}
			}
		},
		{
			"from": [1, 1, 14.5],
			"to": [16, 4, 15.5],
			"rotation": {"angle": 0, "axis": "y", "origin": [-26, 0, 14.5]},
			"faces": {
				"north": {"uv": [11.75, 4.75, 8, 5.5], "texture": "#2"},
				"east": {"uv": [3.25, 12.25, 3, 13], "texture": "#2"},
				"south": {"uv": [11.75, 5.5, 8, 6.25], "texture": "#2"},
				"west": {"uv": [3, 12.25, 2.75, 13], "texture": "#2"},
				"up": {"uv": [11.75, 4.5, 15.5, 4.25], "texture": "#2"},
				"down": {"uv": [11.75, 4.5, 15.5, 4.75], "texture": "#2"}
			}
		},
		{
			"from": [0, 6, 14],
			"to": [16, 19, 16],
			"rotation": {"angle": 0, "axis": "y", "origin": [-28, 5, 14]},
			"faces": {
				"north": {"uv": [8, 0, 4, 3.25], "texture": "#2"},
				"east": {"uv": [12.25, 0, 11.75, 3.25], "texture": "#2"},
				"south": {"uv": [8, 3.25, 4, 6.5], "texture": "#2"},
				"west": {"uv": [0.5, 11.75, 0, 15], "texture": "#2"},
				"up": {"uv": [11.5, 7.75, 15.5, 7.25], "texture": "#2"},
				"down": {"uv": [11.5, 7.75, 15.5, 8.25], "texture": "#2"}
			}
		},
		{
			"from": [1, 6, 1],
			"to": [16, 8, 14],
			"rotation": {"angle": 0, "axis": "y", "origin": [1, 6, 1]},
			"faces": {
				"north": {"uv": [3.75, 11.25, 0, 11.75], "texture": "#2", "tintindex": 0},
				"east": {"uv": [15, 3.25, 11.75, 3.75], "texture": "#2", "tintindex": 0},
				"south": {"uv": [15.25, 8.25, 11.5, 8.75], "texture": "#2", "tintindex": 0},
				"west": {"uv": [3.75, 11.75, 0.5, 12.25], "texture": "#2", "tintindex": 0},
				"up": {"uv": [4, 9.75, 7.75, 6.5], "texture": "#2", "tintindex": 0},
				"down": {"uv": [7.75, 6.5, 11.5, 9.75], "texture": "#2", "tintindex": 0}
			}
		},
		{
			"from": [1, 5, 13],
			"to": [16, 18, 14],
			"rotation": {"angle": 0, "axis": "y", "origin": [-28, 5, 13]},
			"faces": {
				"north": {"uv": [3.75, 8, 0, 11.25], "texture": "#2", "tintindex": 0},
				"east": {"uv": [5.75, 11.75, 5.5, 15], "texture": "#2", "tintindex": 0},
				"south": {"uv": [11.75, 0, 8, 3.25], "texture": "#2", "tintindex": 0},
				"west": {"uv": [5.5, 11.75, 5.25, 15], "texture": "#2", "tintindex": 0},
				"up": {"uv": [11.75, 5, 15.5, 4.75], "texture": "#2", "tintindex": 0},
				"down": {"uv": [11.75, 5, 15.5, 5.25], "texture": "#2", "tintindex": 0}
			}
		},
		{
			"from": [0, 0, 14],
			"to": [2, 4, 16],
			"rotation": {"angle": 0, "axis": "y", "origin": [0, 0, 14]},
			"faces": {
				"north": {"uv": [12.25, 5.25, 11.75, 6.25], "texture": "#2"},
				"east": {"uv": [8.75, 11.75, 8.25, 12.75], "texture": "#2"},
				"south": {"uv": [8.25, 11.75, 7.75, 12.75], "texture": "#2"},
				"west": {"uv": [7.75, 11.75, 7.25, 12.75], "texture": "#2"},
				"up": {"uv": [1.25, 12.75, 1.75, 12.25], "texture": "#2"},
				"down": {"uv": [12.25, 1.25, 12.75, 1.75], "texture": "#2"}
			}
		},
		{
			"from": [0, 0, 1],
			"to": [2, 4, 3],
			"rotation": {"angle": 0, "axis": "y", "origin": [0, 0, 1]},
			"faces": {
				"north": {"uv": [9.25, 11.75, 8.75, 12.75], "texture": "#2"},
				"east": {"uv": [10.75, 11.75, 10.25, 12.75], "texture": "#2"},
				"south": {"uv": [10.25, 11.75, 9.75, 12.75], "texture": "#2"},
				"west": {"uv": [9.75, 11.75, 9.25, 12.75], "texture": "#2"},
				"up": {"uv": [1.75, 12.75, 2.25, 12.25], "texture": "#2"},
				"down": {"uv": [12.25, 1.75, 12.75, 2.25], "texture": "#2"}
			}
		},
		{
			"from": [0.5, 1, 3],
			"to": [1.5, 4, 14],
			"rotation": {"angle": 0, "axis": "y", "origin": [-0.5, 0, 11]},
			"faces": {
				"north": {"uv": [3.5, 12.25, 3.25, 13], "texture": "#2"},
				"east": {"uv": [10.75, 9.75, 8, 10.5], "texture": "#2"},
				"south": {"uv": [3.75, 12.25, 3.5, 13], "texture": "#2"},
				"west": {"uv": [8, 9.75, 5.25, 10.5], "texture": "#2"},
				"up": {"uv": [5.75, 14.5, 6, 11.75], "texture": "#2"},
				"down": {"uv": [6, 11.75, 6.25, 14.5], "texture": "#2"}
			}
		},
		{
			"from": [0.5, 6, 3],
			"to": [1.5, 9, 14],
			"rotation": {"angle": 0, "axis": "y", "origin": [1.5, 6, 3]},
			"faces": {
				"north": {"uv": [12.75, 5.25, 12.5, 6], "texture": "#2"},
				"east": {"uv": [13.5, 10.5, 10.75, 11.25], "texture": "#2"},
				"south": {"uv": [11, 12.5, 10.75, 13.25], "texture": "#2"},
				"west": {"uv": [13.5, 9.75, 10.75, 10.5], "texture": "#2"},
				"up": {"uv": [6.75, 14.5, 7, 11.75], "texture": "#2"},
				"down": {"uv": [7, 11.75, 7.25, 14.5], "texture": "#2"}
			}
		},
		{
			"from": [0, 6, 1],
			"to": [2, 9, 3],
			"rotation": {"angle": 0, "axis": "y", "origin": [2, 6, 1]},
			"faces": {
				"north": {"uv": [11.25, 11.75, 10.75, 12.5], "texture": "#2"},
				"east": {"uv": [12.75, 0, 12.25, 0.75], "texture": "#2"},
				"south": {"uv": [12.25, 11.75, 11.75, 12.5], "texture": "#2"},
				"west": {"uv": [11.75, 11.75, 11.25, 12.5], "texture": "#2"},
				"up": {"uv": [2.25, 12.75, 2.75, 12.25], "texture": "#2"},
				"down": {"uv": [12.25, 2.25, 12.75, 2.75], "texture": "#2"}
			}
		},
		{
			"from": [-1, 9, 0],
			"to": [2, 11, 15],
			"rotation": {"angle": 0, "axis": "y", "origin": [2, 10, 1]},
			"faces": {
				"north": {"uv": [1.25, 12.25, 0.5, 12.75], "texture": "#2"},
				"east": {"uv": [15.25, 9.25, 11.5, 9.75], "texture": "#2"},
				"south": {"uv": [13, 0.75, 12.25, 1.25], "texture": "#2"},
				"west": {"uv": [15.25, 8.75, 11.5, 9.25], "texture": "#2"},
				"up": {"uv": [3.75, 13.5, 4.5, 9.75], "texture": "#2"},
				"down": {"uv": [4.5, 9.75, 5.25, 13.5], "texture": "#2"}
			}
		}
	],
	"gui_light": "front",
	"display": {
		"thirdperson_righthand": {
			"rotation": [40.5, 0, 0],
			"translation": [0, 1.5, -1.5],
			"scale": [0.4, 0.4, 0.4]
		},
		"thirdperson_lefthand": {
			"rotation": [40.5, 0, 0],
			"translation": [0, 1.5, -1.5],
			"scale": [0.4, 0.4, 0.4]
		},
		"firstperson_righthand": {
			"rotation": [0, 117, 0],
			"translation": [2.25, 2.75, 0],
			"scale": [0.36, 0.36, 0.36]
		},
		"firstperson_lefthand": {
			"rotation": [0, 117, 0],
			"translation": [2.25, 2.75, 0],
			"scale": [0.36, 0.36, 0.36]
		},
		"ground": {
			"translation": [0, 1.25, 0],
			"scale": [0.3, 0.3, 0.3]
		},
		"gui": {
			"rotation": [11.75, 158, 0],
			"translation": [0, -1.25, 0],
			"scale": [0.66, 0.66, 0.66]
		},
		"head": {
			"scale": [0, 0, 0]
		},
		"fixed": {
			"rotation": [-90, 0, 0],
			"translation": [0, 0, -16],
			"scale": [2, 2, 2]
		}
	},
	"groups": [
		{
			"name": "group",
			"origin": [29, 10, 1],
			"color": 0,
			"children": [0, 1, 2, 3, 4, 5, 6, 7, 8, 9, 10, 11]
		}
	]
}